{
  "com.liferay.client.extension.type.configuration.CETConfiguration~custom-css" : {
    ":configurator:policy" : "force",
    "baseURL" : "${portalURL}/o/custom-css",
    "buildTimestamp" : 1764251490636,
    "description" : "",
    "dxp.lxc.liferay.com.virtualInstanceId" : "default",
    "name" : "Custom CSS",
    "projectId" : "customcss",
    "projectName" : "custom-css",
    "properties" : [ ],
    "sourceCodeURL" : "",
    "type" : "globalCSS",
    "typeSettings" : [ "url=custom.css" ],
    "webContextPath" : "/custom-css"
  }
}